{
    "model_file": "C:\\Users\\thedy\\OneDrive\\Desktop\\GraphSAGE-MovieRecommender\\saved_model\\graphsage_model.pt",
    "checkpoint_epoch": 5,
    "checkpoint_training_loss": 0.2640459825788553,
    "configuration": {
        "batch_size": 1024,
        "num_neighbors": [
            15,
            10
        ],
        "negative_sampling_ratio": 1.0,
        "maximum_evaluation_batches": null
    },
    "validation": {
        "split": "validation",
        "examples": 939686,
        "positive_examples": 469843,
        "negative_examples": 469843,
        "binary_cross_entropy_loss": 0.29902937255161394,
        "roc_auc": 0.9436808595154268,
        "average_precision": 0.9306141190641628,
        "accuracy_at_0.5": 0.8777942844737497,
        "duration_seconds": 333.76286005973816
    },
    "test": {
        "split": "test",
        "examples": 939686,
        "positive_examples": 469843,
        "negative_examples": 469843,
        "binary_cross_entropy_loss": 0.3362675308642055,
        "roc_auc": 0.9305411345641945,
        "average_precision": 0.9131255953998552,
        "accuracy_at_0.5": 0.8592263798758308,
        "duration_seconds": 331.61294770240784
    }
}